insert into role(id_role, name)
    values(1, 'ADMIN'),
    (2, 'STUDENT');

insert into users (id_user, uuid, name, last_name, email, phone, password, photo_cover_path, photo_profile_path)
    values(100, 'a5f6a74c-3004-4c03-8fcb-3a7fe9d19b49', 'Oscar', 'Alba Salazar', 'director-dric@umss.edu.bo', '75603618', '$2a$10$lwZguPYFKEiIZYyCW4piVuyHb6hn6MGW3r7DOKg40BhPO3We5cwGu', null, 'http://localhost:9090/api/v1/images/users/729b9472-e531-4362-88cb-efd9fc656f78'),
    (101, 'eab72365-d8c1-45df-9b48-274f64c65b86', 'Valentin', 'Laime Zapata', 'valentin.laime@umss.edu.bo', '70755958', '$2a$10$g46noOikL88uT7pNfj4Q/OVOyBtgfh6yFqixUxd4lww3UZrLeIOly', null, 'http://localhost:9090/api/v1/images/users/e867fa32-75b7-4c3c-8943-4a2808c10ac0'),
    (110, '9bae1fe0-2c56-4091-883d-15458e051500', 'Emely', 'Fernandez Soliz', '202004181@est.umss.edu', '69577142', '$2a$10$ElXlBz1WzNDhanqtCmszb.bub/iKGcNQgcbr31MQe9wjsiim7Q5zG', null, 'http://localhost:9090/api/v1/images/users/733b01ba-198e-42db-b9ca-d7ace9a7abad'),
    (111, '844b324d-2f5e-41c9-b726-0149eeb01157', 'Javier', 'Lopez Canedo', '202394182@est.umss.edu', '71852821', '$2a$10$Gm0O/HK8qXeqa/XPvrm4/uAQj2.G3XdKOHg8XTxG4Gif1UYDPcbEa', null, 'http://localhost:9090/api/v1/images/users/06b8fbe5-9d91-422b-bd20-6d89d23e5608'),
    (112, '2e121a51-24b5-4aad-92c2-150997ec4266', 'Leonardo', 'Beltran Ramirez', '202120735@est.umss.edu', '75891148', '$2a$10$vs8E1jwz6Z3BBitXHP.Y/uVQ0pNkqHhXf0oQCFH7Nf/rjccHL2lCO', null, 'http://localhost:9090/api/v1/images/users/b5de2b13-4720-41e7-87d2-d31abd590fac'),
    (113, 'c332c4ff-49e8-4e0e-a7f4-d59907d8cda3', 'Valeria', 'Gonzales Vargas', 'svaleria.gonzales.vargas@gmail.com', '78823541', '$2a$10$tt2avNxEODCYrI9qHFqr5elrI5O87dVRNQZGUgAHVMUi8XtWnwXE.', null, 'http://localhost:9090/api/v1/images/users/5e9f9c0d-4c31-4335-a11e-b9c7f6f8a2b1'),
    (114, '9f32985a-f108-4b19-9bda-cab7c501ae68', 'Jose', U&'Monta\00F1o Laura', '202001823@est.umss.edu', '72566218', '$2a$10$6HOIAlIZ2.KXIi8qL1AHxOIs3zHYydtV3QnZ.wJ9wrr18qhJEi576', null, 'http://localhost:9090/api/v1/images/users/1bed8052-ba51-41c2-88b5-e39e78dbf420'),
    (115, 'ab6e1a7f-4494-4251-8177-dc5c4fe18740', 'Marcos', 'Illanes Martinez', '201800513@est.umss.edu', '74269527', '$2a$10$96.BNIsnUH7u.eVTeWi7Ju/exv59yfngw.TdVVOv5ladZ87KBZLaK', null, 'http://localhost:9090/api/v1/images/users/28e3d103-76e8-4b0d-b04c-cf2e8821cf6e'),
    (116, 'f8d1c969-af76-4161-b0d7-9c2dfc47e75c', 'Adriana', 'Boza Ruiz', '201904940@est.umss.edu', '70551293', '$2a$10$LRWTNQMxRoDEGUKNeZe86OOg7.aqxc1TE/HhGUJ01zhPBB2E1O/A.', null, 'http://localhost:9090/api/v1/images/users/f9c89556-cd27-481a-a8bd-59f4915f7dfa'),
    (117, 'd33ded75-c9f3-4fef-9762-0ba4a905efa8', 'Antonio', 'Monje Aranibar', '201604527@est.umss.edu', '62933721', '$2a$10$m8FJFWAPDKIAU8SykyKmme7FcaQqrkHtg0zczh3Gn0lSgVeTZNaAy', null, 'http://localhost:9090/api/v1/images/users/b3a64fc9-3d28-4b92-b296-2324f9c4e061'),
    (118, 'e54bd4dc-d8f6-42e9-8e94-5d56bf42416f', 'Jeyson', 'Valdivia Bernal', 'jeyson.valdivia@gmail.com', '76834814', '$2a$10$anTAKIK4bm55/HYFWVoER.zu1eNL7Iwy0UCGi3THN.wDW77WaLCKa', null, 'http://localhost:9090/api/v1/images/users/e326bdb8-6eee-4814-a877-9e063183f410'),
    (119, 'ae542968-1335-425e-a206-283c38a20190', 'Omar', 'Argenes Quispe', 'argenes77@gmail.com', '65692585', '$2a$10$bO6cOzFhvWjqRRwn7a1/xupq3LxGO/hG.7cLpS14JAbksNjBGJCjW', null, 'http://localhost:9090/api/v1/images/users/004fca51-d313-41c4-94ff-5908ddb58dc2'),
    (120, '7f9264d7-ca8d-41ca-be1f-d24c9dd244a2', 'Bianca', 'Antelo Dominguez', 'bianca.dominguez@gmail.com', '73597236', '$2a$10$QUoVqY/j3bdW5rOMO8aTY.Eaq2Ifju9a8Hm2ht7qex2ALF0tWVc1q', null, 'http://localhost:9090/api/v1/images/users/2148f392-4f16-40b6-88e7-bd0ca32bd84a');

insert into user_roles (user_id, role_id)
    values(100, 1),
    (101, 1),
    (110, 2),
    (111, 2),
    (112, 2),
    (113, 2),
    (114, 2),
    (115, 2),
    (116, 2),
    (117, 2),
    (118, 2),
    (119, 2),
    (120, 2);

insert into comment_config (id, uuid, name, configuration_type)
    values(20, '875d7d7f-7a1c-4b77-ab63-77a9f76759d0', 'Todos pueden comentar', 'FREE_COMMENTS'),
    (21, '587d7d7f-5g3n-4b77-cf98-77a9h46759d0', 'Nadie puede comentar', 'RESTRICTED_COMMENTS'),
    (22, '492d7d7f-9f4s-8g45-hy34-77a9h46759d0', 'Comentarios con moderador', 'MODERATED_COMMENTS');

insert into institution (id, uuid, name, description, location, category, email, phone, url, logo_url, background_url)
    values(10, '93j203b4-f63b-4c4a-be05-eae84cef0c0c',
        unistr('Direcci\00F3n de Relaciones Internacionales y Convenios - UMSS'),
        unistr('Direcci\00F3n de Relaciones Internacionales y Convenios Universidad Mayor de San Sim\00F3n'),
        U&'Av. Ballivi\00E1n # 591 esq. Reza, Cochabamba, Bolivia',
        U&'Sitio web de educaci\00F3n',
        'rrii@umss.edu.bo',
        '+591 4 4524779',
        'dric.umss.edu.bo',
        'http://localhost:9090/api/v1/images/inst-profile/f1309a27-93eb-4429-a096-d786f8d16f5c',
        'http://localhost:9090/api/v1/images/inst-cover/14bacba4-b962-40b5-9dd1-d5bf8e1e86f8');

insert into content (id, uuid)
    values(100, '1e5294f8-9a6c-4d9e-aea7-da7e80bd5c6f'),
    (101, '6i2494f8-9a6c-4d9e-aea7-da7e80bd5c6f'),
    (102, '8f3194f8-9a6c-4d9e-aea7-da7e80bd5c6f'),
    (103, '5l6n94f8-9a6c-4d9e-aea7-da7e80bd5c6f'),
    (104, '2v4z94f8-9a6c-4d9e-aea7-da7e80bd5c6f'),
    (105, '7o1b94f8-9a6c-4d9e-aea7-da7e80bd5c6f'),
    (106, '3m8c52v4-9a6c-4d9e-aea7-da7e80bd5c6f'),
    (107, '1om5x7n2-9a6c-4d9e-aea7-da7e80bd5c6f');

insert into text (id, uuid, content_id, text)
    values(100, '3m22c948-o3j9-4e39-92a6-fa761f2410a7', '1e5294f8-9a6c-4d9e-aea7-da7e80bd5c6f', U&'Hoy, a partir de las 19:30 (hora de Bolivia), no se pierdan la primera sesi\00F3n de la serie de conversatorios con investigadores que participaron en las 31\00B0 Jornadas de J\00F3venes Investigadores de la Asociaci\00F3n de Universidades Grupo Montevideo, conmemorando la Semana Internacional de la Ciencia. En esta oportunidad, se presentar\00E1 el siguiente trabajo de investigaci\00F3n: <br>\0022Formulaci\00F3n de helados en dos variedades de garbanzo (Cicer arietinum) con diferentes concentraciones de suero de leche\0022, a cargo de la Mgr. Daniela Laura (Universidad Mayor de San Sim\00F3n)\+01F1E7\+01F1F4. <br>\0023DRIC \0023UMSS \0023GrupoMontevideo \0023semanainternacionaldelaciencia'),
    (101, '19b6c948-f5f4-4e39-92a6-fa761f2410a7', '6i2494f8-9a6c-4d9e-aea7-da7e80bd5c6f', U&'D\00EDa 1: <br>Lunes 2 de diciembre, Mgr. Daniela Laura – Universidad Mayor de San Sim\00F3n, Bolivia \+01F1E7\+01F1F4 <br>Serie de conversatorios con investigadores que participaron en las 31\00B0 Jornadas de J\00F3venes Investigadores (JJI) de la Asociaci\00F3n de Universidades Grupo Montevideo (AUGM).'),
    (102, '52o7c948-f5f4-4e39-92a6-fa761f2410a7', '8f3194f8-9a6c-4d9e-aea7-da7e80bd5c6f', U&'Hoy, a partir de las 19:30 (hora de Bolivia), no se pierdan la segunda sesi\00B0n de la serie de conversatorios con investigadores que participaron en las 31\00B0 Jornadas de J\00F3venes Investigadores de la Asociaci\00F3n de Universidades Grupo Montevideo, conmemorando la Semana Internacional de la Ciencia. En esta oportunidad, se presentar\00E1 el siguiente trabajo de investigaci\00F3n: <br>\0022Implementaci\00F3n de las redes sociales como metodolog\00EDa de enseñanza-aprendizaje en la carrera Ingenier\00EDa Comercial de una universidad privada de Encarnaci\00F3n, Paraguay\0022, a cargo de la Mgr. Mercedes Chudyk Oleñik (Universidad Nacional de Itap\00FAa) \+01F1F5\+01F1FE. <br>\0023DRIC \0023UMSS \0023GrupoMontevideo \0023semanainternacionaldelaciencia'),
    (103, '25x4c948-f5f4-4e39-92a6-fa761f2410a7', '5l6n94f8-9a6c-4d9e-aea7-da7e80bd5c6f', U&'Hoy, a partir de las 19:30 (hora de Bolivia), no se pierdan la tercera sesi\00B0n de la serie de conversatorios con investigadores que participaron en las 31\00B0 Jornadas de J\00F3venes Investigadores de la Asociaci\00F3n de Universidades Grupo Montevideo, conmemorando la Semana Internacional de la Ciencia. En esta oportunidad, se presentar\00E1 el siguiente trabajo de investigaci\00F3n: <br>\0022Evaluaci\00F3n de los resultados del Proyecto Piloto de Siembra de Nubes en el Valle Alto y Cono Sur de Cochabamba a trav\00E9s del modelo num\00E9rico WRF y datos de rean\00E1lisis\0022, a cargo de la Est. Mariela Iquize Jaillita (Universidad Mayor de San Sim\00F3n) \+01F1E7\+01F1F4. <br>\0023DRIC \0023UMSS \0023GrupoMontevideo \0023semanainternacionaldelaciencia'),
    (104, '99c1c948-f5f4-4e39-92a6-fa761f2410a7', '2v4z94f8-9a6c-4d9e-aea7-da7e80bd5c6f', U&'Compartimos la experiencia de Jimmy Delgado Villca, docente de la Facultad de Humanidades y Ciencias de la Educaci\00B0n de la UMSS, quien particip\00B0 en una movilidad acad\00E9mica en la Universidad Nacional de Jujuy (UNJU), Argentina, del 18 al 22 de noviembre de 2024, en el marco del Programa de Movilidad Acad\00E9mica Administrativa (PMAA) de CRISCOS.'),
    (105, '4mx8c948-f5f4-4e39-92a6-fa761f2410a7', '7o1b94f8-9a6c-4d9e-aea7-da7e80bd5c6f', U&'Hoy, a partir de las 19:30 (hora de Bolivia), no se pierdan la cuarta sesi\00B0n de la serie de conversatorios con investigadores que participaron en las 31\00B0 Jornadas de J\00F3venes Investigadores de la Asociaci\00F3n de Universidades Grupo Montevideo, conmemorando la Semana Internacional de la Ciencia. En esta oportunidad, se presentar\00E1 el siguiente trabajo de investigaci\00F3n: <br>\0022La perspectiva de la distribuci\00F3n personal del ingreso: una posibilidad para el desarrollo regional en Am\00E9rica Latina\0022, a cargo del Mgr. Gabriel Vinicius Chimanski (Universidade Estadual de Campinas) \+01F1E7\+01F1F7. <br>\0023DRIC \0023UMSS \0023GrupoMontevideo \0023semanainternacionaldelaciencia'),
    (106, '6vk5x297-f5f4-4e39-92a6-fa761f2410a7', '3m8c52v4-9a6c-4d9e-aea7-da7e80bd5c6f', U&'D\00EDa 4: <br>Jueves 5 de diciembre, Mgr. Gabriel Vinicius Chimanski – Universidade Estadual de Campinas - (Brasil). <br>Serie de conversatorios con investigadores que participaron en las 31\00B0 Jornadas de J\00F3venes Investigadores (JJI) de la Asociaci\00F3n de Universidades Grupo Montevideo (AUGM).'),
    (107, '2cm9z8n5-f5f4-4e39-92a6-fa761f2410a7', '1om5x7n2-9a6c-4d9e-aea7-da7e80bd5c6f', U&'\00A1ATENCI\00D3N ESTUDIANTES! <br>Oportunidad para realizar pasant\00EDas remuneradas por importantes empresas internacionales. <br>MAYOR INFORMACI\00D3N: https://dric.umss.edu.bo/convocatorias-iaeste-vigentes-y.../');

insert into media (id, uuid, content_id, file_name, number, file_type, file_path)
values(100, '17ucf8a1-09e0-4435-a850-0613d778897b', '1e5294f8-9a6c-4d9e-aea7-da7e80bd5c6f', 'img01', 1, 'image', 'http://localhost:9090/api/v1/images/posts/a968e0d8-2209-4df0-aec1-4a1618d73aa4'),
    (101, '81k7f8a1-09e0-4435-a850-0613d778897b', '6i2494f8-9a6c-4d9e-aea7-da7e80bd5c6f', 'vid01', 1, 'video', 'http://localhost:9090/api/v1/videos/posts/cbca5013-5556-4f35-b945-6a7de7083659'),
    (102, '24l5f8a1-09e0-4435-a850-0613d778897b', '8f3194f8-9a6c-4d9e-aea7-da7e80bd5c6f', 'img03', 1, 'image', 'http://localhost:9090/api/v1/images/posts/34c1bc99-453c-443c-8f2a-ca1f15650a71'),
    (103, '79a3f8a1-09e0-4435-a850-0613d778897b', '5l6n94f8-9a6c-4d9e-aea7-da7e80bd5c6f', 'img04', 1, 'image', 'http://localhost:9090/api/v1/images/posts/73228194-1485-496f-827d-7c38b62c5c7e'),
    (104, '38j1f8a1-09e0-4435-a850-0613d778897b', '2v4z94f8-9a6c-4d9e-aea7-da7e80bd5c6f', 'img05', 1, 'image', 'http://localhost:9090/api/v1/images/posts/fbbca054-34cd-4ebe-9bfe-3b22be8bb836'),
    (105, '2k9zf8a1-09e0-4435-a850-0613d778897b', '2v4z94f8-9a6c-4d9e-aea7-da7e80bd5c6f', 'img06', 2, 'image', 'http://localhost:9090/api/v1/images/posts/745a495d-4563-41a1-8733-f089b3b7b21d'),
    (106, '6m1vf8a1-09e0-4435-a850-0613d778897b', '2v4z94f8-9a6c-4d9e-aea7-da7e80bd5c6f', 'img07', 3, 'image', 'http://localhost:9090/api/v1/images/posts/3b900a66-2021-49e1-9152-c6d432d1aa52'),
    (107, '17b9m4z3-09e0-4435-a850-0613d778897b', '2v4z94f8-9a6c-4d9e-aea7-da7e80bd5c6f', 'img08', 4, 'image', 'http://localhost:9090/api/v1/images/posts/ddc5a29a-c607-44db-95f2-c66f1da21fde'),
    (108, '5jc8x7v4-09e0-4435-a850-0613d778897b', '7o1b94f8-9a6c-4d9e-aea7-da7e80bd5c6f', 'img09', 1, 'image', 'http://localhost:9090/api/v1/images/posts/27897c0a-2503-4536-83ed-a65a596646fb'),
    (109, '8xm4v1n3-09e0-4435-a850-0613d778897b', '3m8c52v4-9a6c-4d9e-aea7-da7e80bd5c6f', 'vid02', 1, 'video', 'http://localhost:9090/api/v1/videos/posts/aa74ec25-6e70-4776-899c-7465c61de5bd'),
    (110, '3v7c2gs8-09e0-4435-a850-0613d778897b', '1om5x7n2-9a6c-4d9e-aea7-da7e80bd5c6f', 'img11', 1, 'image', 'http://localhost:9090/api/v1/images/posts/6cce68f8-76ef-4639-9828-9e5e6e819fc4'),
    (111, 'l2n5c0f7-09e0-4435-a850-0613d778897b', '1om5x7n2-9a6c-4d9e-aea7-da7e80bd5c6f', 'img12', 2, 'image', 'http://localhost:9090/api/v1/images/posts/c401fbaa-7f94-41ad-a7ef-f677d2d30f3d');

insert into post (id, uuid, institution_id, user_id, comment_config_id, content_id, post_date)
    values(100, '5f9ab4e8-0856-4aad-b3aa-747e2dba76d9', '93j203b4-f63b-4c4a-be05-eae84cef0c0c', 'a5f6a74c-3004-4c03-8fcb-3a7fe9d19b49','875d7d7f-7a1c-4b77-ab63-77a9f76759d0', '1e5294f8-9a6c-4d9e-aea7-da7e80bd5c6f', '2024-12-02T07:53:22'),
        (101, '7h3ab4e8-0856-4aad-b3aa-747e2dba76d9', '93j203b4-f63b-4c4a-be05-eae84cef0c0c', 'a5f6a74c-3004-4c03-8fcb-3a7fe9d19b49', '875d7d7f-7a1c-4b77-ab63-77a9f76759d0', '6i2494f8-9a6c-4d9e-aea7-da7e80bd5c6f', '2024-12-02T19:31:22'),
        (102, '2k9db4e8-0856-4aad-b3aa-747e2dba76d9', '93j203b4-f63b-4c4a-be05-eae84cef0c0c', 'a5f6a74c-3004-4c03-8fcb-3a7fe9d19b49', '587d7d7f-5g3n-4b77-cf98-77a9h46759d0', '8f3194f8-9a6c-4d9e-aea7-da7e80bd5c6f', '2024-12-03T08:00:22'),
        (103, '8s2ib4e8-0856-4aad-b3aa-747e2dba76d9', '93j203b4-f63b-4c4a-be05-eae84cef0c0c', 'a5f6a74c-3004-4c03-8fcb-3a7fe9d19b49', '875d7d7f-7a1c-4b77-ab63-77a9f76759d0', '5l6n94f8-9a6c-4d9e-aea7-da7e80bd5c6f', '2024-12-04T08:00:22'),
        (104, '3g9ab4e8-0856-4aad-b3aa-747e2dba76d9', '93j203b4-f63b-4c4a-be05-eae84cef0c0c', 'a5f6a74c-3004-4c03-8fcb-3a7fe9d19b49', '875d7d7f-7a1c-4b77-ab63-77a9f76759d0', '2v4z94f8-9a6c-4d9e-aea7-da7e80bd5c6f', '2024-12-04T10:25:22'),
        (105, '5n1ib4e8-0856-4aad-b3aa-747e2dba76d9', '93j203b4-f63b-4c4a-be05-eae84cef0c0c', 'a5f6a74c-3004-4c03-8fcb-3a7fe9d19b49', '875d7d7f-7a1c-4b77-ab63-77a9f76759d0', '7o1b94f8-9a6c-4d9e-aea7-da7e80bd5c6f', '2024-12-05T08:00:12'),
        (106, '9v4mb4e8-0856-4aad-b3aa-747e2dba76d9', '93j203b4-f63b-4c4a-be05-eae84cef0c0c', 'a5f6a74c-3004-4c03-8fcb-3a7fe9d19b49', '492d7d7f-9f4s-8g45-hy34-77a9h46759d0', '3m8c52v4-9a6c-4d9e-aea7-da7e80bd5c6f', '2024-12-05T19:30:26'),
        (107, '1ib6k3c5-0856-4aad-b3aa-747e2dba76d9', '93j203b4-f63b-4c4a-be05-eae84cef0c0c', 'a5f6a74c-3004-4c03-8fcb-3a7fe9d19b49', '875d7d7f-7a1c-4b77-ab63-77a9f76759d0', '1om5x7n2-9a6c-4d9e-aea7-da7e80bd5c6f', '2024-12-10T10:51:18');

insert into emoji_type (id, uuid, emoji_name, emoji_code)
    values(100, '3f696a78-c73f-475c-80a6-f5a858648af1', 'thumbs-up', U&'\+01F44D'),
    (101, '7v236a78-c73f-475c-80a6-f5a858648af1', 'red-heart', U&'\+002764\+00FE0F'),
    (102, 'n1596a78-c73f-475c-80a6-f5a858648af1', 'crying-face', U&'\+01F622'),
    (103, '4c806a78-c73f-475c-80a6-f5a858648af1', 'angry-face', U&'\+01F620'),
    (104, 'l6m3bd82-c73f-475c-80a6-f5a858648af1', 'grinning-squinting-face', U&'\+01F606'),
    (105, 'c5n1m4f0-c73f-475c-80a6-f5a858648af1', 'astonished-face', U&'\+01F632');

insert into post_reaction (id, uuid, user_id, post_id, emoji_type_id, reaction_date)
    values(100, 'c31d5d56-b6f5-41a4-97d2-e797a6b0aa0e', '9bae1fe0-2c56-4091-883d-15458e051500', '5f9ab4e8-0856-4aad-b3aa-747e2dba76d9', '3f696a78-c73f-475c-80a6-f5a858648af1', '2024-12-02T15:23:22'),
    (101, 'e4l98068-4880-4055-987c-087f1b1f6635', '844b324d-2f5e-41c9-b726-0149eeb01157', '5f9ab4e8-0856-4aad-b3aa-747e2dba76d9', '7v236a78-c73f-475c-80a6-f5a858648af1', '2024-12-03T16:50:22'),
    (102, 'i7258068-4880-4055-987c-087f1b1f6635', 'ae542968-1335-425e-a206-283c38a20190', '5f9ab4e8-0856-4aad-b3aa-747e2dba76d9', '3f696a78-c73f-475c-80a6-f5a858648af1', '2024-12-03T12:10:22'),

    (103, 'm2c8b5z3-4880-4055-987c-087f1b1f6635', '844b324d-2f5e-41c9-b726-0149eeb01157', '7h3ab4e8-0856-4aad-b3aa-747e2dba76d9', '3f696a78-c73f-475c-80a6-f5a858648af1', '2024-12-03T12:14:22'),
    (104, 'c0m2v6h3-4880-4055-987c-087f1b1f6635', '2e121a51-24b5-4aad-92c2-150997ec4266', '7h3ab4e8-0856-4aad-b3aa-747e2dba76d9', '7v236a78-c73f-475c-80a6-f5a858648af1', '2024-12-03T18:14:22'),
    (105, 'l7s0j6v4-4880-4055-987c-087f1b1f6635', '7f9264d7-ca8d-41ca-be1f-d24c9dd244a2', '7h3ab4e8-0856-4aad-b3aa-747e2dba76d9', 'l6m3bd82-c73f-475c-80a6-f5a858648af1', '2024-12-04T20:14:22'),
    (106, 'd8j5l1x7-4880-4055-987c-087f1b1f6635', 'e54bd4dc-d8f6-42e9-8e94-5d56bf42416f', '7h3ab4e8-0856-4aad-b3aa-747e2dba76d9', '7v236a78-c73f-475c-80a6-f5a858648af1', '2024-12-05T17:14:22'),

    (107, 'a9k2n5d6-4880-4055-987c-087f1b1f6635', 'ae542968-1335-425e-a206-283c38a20190', '2k9db4e8-0856-4aad-b3aa-747e2dba76d9', '7v236a78-c73f-475c-80a6-f5a858648af1', '2024-12-03T12:14:22'),
    (108, 'c9m3aiv2-4880-4055-987c-087f1b1f6635', 'f8d1c969-af76-4161-b0d7-9c2dfc47e75c', '2k9db4e8-0856-4aad-b3aa-747e2dba76d9', '3f696a78-c73f-475c-80a6-f5a858648af1', '2024-12-04T15:14:22'),
    (109, 's7l1v5m3-4880-4055-987c-087f1b1f6635', '9bae1fe0-2c56-4091-883d-15458e051500', '2k9db4e8-0856-4aad-b3aa-747e2dba76d9', '3f696a78-c73f-475c-80a6-f5a858648af1', '2024-12-04T18:14:22'),

    (110, 'a0p1g7m2-4880-4055-987c-087f1b1f6635', 'f8d1c969-af76-4161-b0d7-9c2dfc47e75c', '8s2ib4e8-0856-4aad-b3aa-747e2dba76d9', '3f696a78-c73f-475c-80a6-f5a858648af1', '2024-12-04T13:05:22'),
    (111, 'c5m1p6s9-4880-4055-987c-087f1b1f6635', '7f9264d7-ca8d-41ca-be1f-d24c9dd244a2', '8s2ib4e8-0856-4aad-b3aa-747e2dba76d9', '3f696a78-c73f-475c-80a6-f5a858648af1', '2024-12-04T15:12:22'),

    (112, 'z9m6n2a0-4880-4055-987c-087f1b1f6635', '7f9264d7-ca8d-41ca-be1f-d24c9dd244a2', '3g9ab4e8-0856-4aad-b3aa-747e2dba76d9', '3f696a78-c73f-475c-80a6-f5a858648af1', '2024-12-04T17:01:22'),
    (113, 'k6x9l1s2-4880-4055-987c-087f1b1f6635', 'e54bd4dc-d8f6-42e9-8e94-5d56bf42416f', '3g9ab4e8-0856-4aad-b3aa-747e2dba76d9', '7v236a78-c73f-475c-80a6-f5a858648af1', '2024-12-05T21:16:22'),
    (114, 's1k4z6l5-4880-4055-987c-087f1b1f6635', '2e121a51-24b5-4aad-92c2-150997ec4266', '3g9ab4e8-0856-4aad-b3aa-747e2dba76d9', '7v236a78-c73f-475c-80a6-f5a858648af1', '2024-12-05T23:12:22'),

    (115, 'l5j6m3b8-4880-4055-987c-087f1b1f6635', 'ab6e1a7f-4494-4251-8177-dc5c4fe18740', '5n1ib4e8-0856-4aad-b3aa-747e2dba76d9', '7v236a78-c73f-475c-80a6-f5a858648af1', '2024-12-05T11:01:22'),
    (116, 'z9b9h4b1-4880-4055-987c-087f1b1f6635', 'c332c4ff-49e8-4e0e-a7f4-d59907d8cda3', '5n1ib4e8-0856-4aad-b3aa-747e2dba76d9', '7v236a78-c73f-475c-80a6-f5a858648af1', '2024-12-05T16:08:22'),

    (117, 'm6n6d9g5-4880-4055-987c-087f1b1f6635', '9bae1fe0-2c56-4091-883d-15458e051500', '9v4mb4e8-0856-4aad-b3aa-747e2dba76d9', '7v236a78-c73f-475c-80a6-f5a858648af1', '2024-12-05T20:01:22'),
    (118, 's8i5b2a2-4880-4055-987c-087f1b1f6635', 'c332c4ff-49e8-4e0e-a7f4-d59907d8cda3', '9v4mb4e8-0856-4aad-b3aa-747e2dba76d9', 'c5n1m4f0-c73f-475c-80a6-f5a858648af1', '2024-12-05T20:08:22'),
    (119, 'x4n2v7s9-4880-4055-987c-087f1b1f6635', '9f32985a-f108-4b19-9bda-cab7c501ae68', '9v4mb4e8-0856-4aad-b3aa-747e2dba76d9', '3f696a78-c73f-475c-80a6-f5a858648af1', '2024-12-05T21:10:22'),
    (120, 'v5m3b8f1-4880-4055-987c-087f1b1f6635', 'ab6e1a7f-4494-4251-8177-dc5c4fe18740', '9v4mb4e8-0856-4aad-b3aa-747e2dba76d9', '7v236a78-c73f-475c-80a6-f5a858648af1', '2024-12-05T21:16:22'),
    (121, 'a7v5n2l4-4880-4055-987c-087f1b1f6635', 'f8d1c969-af76-4161-b0d7-9c2dfc47e75c', '9v4mb4e8-0856-4aad-b3aa-747e2dba76d9', '3f696a78-c73f-475c-80a6-f5a858648af1', '2024-12-05T22:06:22'),
    (122, 'n4d9j9i6-4880-4055-987c-087f1b1f6635', 'e54bd4dc-d8f6-42e9-8e94-5d56bf42416f', '9v4mb4e8-0856-4aad-b3aa-747e2dba76d9', 'n1596a78-c73f-475c-80a6-f5a858648af1', '2024-12-05T22:28:22'),

    (123, 'g8m3b0s5-4880-4055-987c-087f1b1f6635', 'c332c4ff-49e8-4e0e-a7f4-d59907d8cda3', '1ib6k3c5-0856-4aad-b3aa-747e2dba76d9', '7v236a78-c73f-475c-80a6-f5a858648af1', '2024-12-05T20:01:22'),
    (124, 'i4n8x2n1-4880-4055-987c-087f1b1f6635', '9f32985a-f108-4b19-9bda-cab7c501ae68', '1ib6k3c5-0856-4aad-b3aa-747e2dba76d9', '7v236a78-c73f-475c-80a6-f5a858648af1', '2024-12-05T20:08:22'),
    (125, 'v0n0s8f4-4880-4055-987c-087f1b1f6635', 'ab6e1a7f-4494-4251-8177-dc5c4fe18740', '1ib6k3c5-0856-4aad-b3aa-747e2dba76d9', '3f696a78-c73f-475c-80a6-f5a858648af1', '2024-12-05T21:10:22'),
    (126, 'f0m2s8h2-4880-4055-987c-087f1b1f6635', 'e54bd4dc-d8f6-42e9-8e94-5d56bf42416f', '1ib6k3c5-0856-4aad-b3aa-747e2dba76d9', 'l6m3bd82-c73f-475c-80a6-f5a858648af1', '2024-12-05T21:16:22'),
    (127, 'h8b4h1j3-4880-4055-987c-087f1b1f6635', 'ae542968-1335-425e-a206-283c38a20190', '1ib6k3c5-0856-4aad-b3aa-747e2dba76d9', '3f696a78-c73f-475c-80a6-f5a858648af1', '2024-12-05T22:06:22'),
    (128, 'w8g8n5s0-4880-4055-987c-087f1b1f6635', 'eab72365-d8c1-45df-9b48-274f64c65b86', '1ib6k3c5-0856-4aad-b3aa-747e2dba76d9', '3f696a78-c73f-475c-80a6-f5a858648af1', '2024-12-05T22:28:22'),
    (129, 's1s3k5n9-4880-4055-987c-087f1b1f6635', 'd33ded75-c9f3-4fef-9762-0ba4a905efa8', '1ib6k3c5-0856-4aad-b3aa-747e2dba76d9', 'c5n1m4f0-c73f-475c-80a6-f5a858648af1', '2024-12-05T22:06:22'),
    (130, 'a5a9m3d5-4880-4055-987c-087f1b1f6635', 'f8d1c969-af76-4161-b0d7-9c2dfc47e75c', '1ib6k3c5-0856-4aad-b3aa-747e2dba76d9', 'c5n1m4f0-c73f-475c-80a6-f5a858648af1', '2024-12-05T22:28:22');


insert into social_network (id, uuid, institution_id, name, link)
    values(100, 'm2c5z1l3-4880-4055-987c-087f1b1f6635', '93j203b4-f63b-4c4a-be05-eae84cef0c0c', 'Facebook', 'https://www.facebook.com/UMSS.DRIC');

insert into groups (id, uuid, name, status)
    values (100, '5ad28ac2-bd48-4fc5-8be0-92cd24448708', 'Fijados', 'CREATED'),
    (101, 'd7cc6017-1a74-40e5-9d9c-41d4d271259b', 'Destacados', 'CREATED');

insert into post_group (group_id, post_id)
    values ('5ad28ac2-bd48-4fc5-8be0-92cd24448708', '2k9db4e8-0856-4aad-b3aa-747e2dba76d9'),
    ('5ad28ac2-bd48-4fc5-8be0-92cd24448708', '1ib6k3c5-0856-4aad-b3aa-747e2dba76d9'),
    ('d7cc6017-1a74-40e5-9d9c-41d4d271259b', '8s2ib4e8-0856-4aad-b3aa-747e2dba76d9'),
    ('d7cc6017-1a74-40e5-9d9c-41d4d271259b', '5f9ab4e8-0856-4aad-b3aa-747e2dba76d9'),
    ('d7cc6017-1a74-40e5-9d9c-41d4d271259b', '5n1ib4e8-0856-4aad-b3aa-747e2dba76d9');

insert into image_file (id, uuid, name, url_resource, status, type)
    values (100, '729b9472-e531-4362-88cb-efd9fc656f78', 'img01', 'http://localhost:9090/api/v1/images/users/729b9472-e531-4362-88cb-efd9fc656f78', 'SAVED_SUCCESSFULLY','image/png'),
     (101, 'e867fa32-75b7-4c3c-8943-4a2808c10ac0', 'img02', 'http://localhost:9090/api/v1/images/users/e867fa32-75b7-4c3c-8943-4a2808c10ac0', 'SAVED_SUCCESSFULLY','image/png'),
     (102, '733b01ba-198e-42db-b9ca-d7ace9a7abad', 'img03', 'http://localhost:9090/api/v1/images/users/733b01ba-198e-42db-b9ca-d7ace9a7abad', 'SAVED_SUCCESSFULLY','image/png'),
     (103, '06b8fbe5-9d91-422b-bd20-6d89d23e5608', 'img04', 'http://localhost:9090/api/v1/images/users/06b8fbe5-9d91-422b-bd20-6d89d23e5608', 'SAVED_SUCCESSFULLY','image/png'),
     (104, 'b5de2b13-4720-41e7-87d2-d31abd590fac', 'img05', 'http://localhost:9090/api/v1/images/users/b5de2b13-4720-41e7-87d2-d31abd590fac', 'SAVED_SUCCESSFULLY','image/png'),
     (105, '5e9f9c0d-4c31-4335-a11e-b9c7f6f8a2b1', 'img06', 'http://localhost:9090/api/v1/images/users/5e9f9c0d-4c31-4335-a11e-b9c7f6f8a2b1', 'SAVED_SUCCESSFULLY','image/png'),
     (106, '1bed8052-ba51-41c2-88b5-e39e78dbf420', 'img07', 'http://localhost:9090/api/v1/images/users/1bed8052-ba51-41c2-88b5-e39e78dbf420', 'SAVED_SUCCESSFULLY','image/png'),
     (107, '28e3d103-76e8-4b0d-b04c-cf2e8821cf6e', 'img08', 'http://localhost:9090/api/v1/images/users/28e3d103-76e8-4b0d-b04c-cf2e8821cf6e', 'SAVED_SUCCESSFULLY','image/png'),
     (108, 'f9c89556-cd27-481a-a8bd-59f4915f7dfa', 'img09', 'http://localhost:9090/api/v1/images/users/f9c89556-cd27-481a-a8bd-59f4915f7dfa', 'SAVED_SUCCESSFULLY','image/png'),
     (109, 'b3a64fc9-3d28-4b92-b296-2324f9c4e061', 'img10', 'http://localhost:9090/api/v1/images/users/b3a64fc9-3d28-4b92-b296-2324f9c4e061', 'SAVED_SUCCESSFULLY','image/png'),
     (110, 'e326bdb8-6eee-4814-a877-9e063183f410', 'img11', 'http://localhost:9090/api/v1/images/users/e326bdb8-6eee-4814-a877-9e063183f410', 'SAVED_SUCCESSFULLY','image/png'),
     (111, '004fca51-d313-41c4-94ff-5908ddb58dc2', 'img12', 'http://localhost:9090/api/v1/images/users/004fca51-d313-41c4-94ff-5908ddb58dc2', 'SAVED_SUCCESSFULLY','image/png'),
     (112, '2148f392-4f16-40b6-88e7-bd0ca32bd84a', 'img13', 'http://localhost:9090/api/v1/images/users/2148f392-4f16-40b6-88e7-bd0ca32bd84a', 'SAVED_SUCCESSFULLY','image/png'),
     (113, 'f1309a27-93eb-4429-a096-d786f8d16f5c', 'img14', 'http://localhost:9090/api/v1/images/inst-profile/f1309a27-93eb-4429-a096-d786f8d16f5c', 'SAVED_SUCCESSFULLY','image/png'),
     (114, '14bacba4-b962-40b5-9dd1-d5bf8e1e86f8', 'img15', 'http://localhost:9090/api/v1/images/inst-cover/14bacba4-b962-40b5-9dd1-d5bf8e1e86f8', 'SAVED_SUCCESSFULLY','image/png'),
     (115, 'a968e0d8-2209-4df0-aec1-4a1618d73aa4', 'img16', 'http://localhost:9090/api/v1/images/posts/a968e0d8-2209-4df0-aec1-4a1618d73aa4', 'SAVED_SUCCESSFULLY','image/jpeg'),
     (116, 'cbca5013-5556-4f35-b945-6a7de7083659', 'vid02', 'http://localhost:9090/api/v1/videos/posts/cbca5013-5556-4f35-b945-6a7de7083659', 'SAVED_SUCCESSFULLY','video/mp4'),
     (117, '34c1bc99-453c-443c-8f2a-ca1f15650a71', 'img18', 'http://localhost:9090/api/v1/images/posts/34c1bc99-453c-443c-8f2a-ca1f15650a71', 'SAVED_SUCCESSFULLY','image/jpeg'),
     (118, '73228194-1485-496f-827d-7c38b62c5c7e', 'img19', 'http://localhost:9090/api/v1/images/posts/73228194-1485-496f-827d-7c38b62c5c7e', 'SAVED_SUCCESSFULLY','image/jpeg'),
     (119, 'fbbca054-34cd-4ebe-9bfe-3b22be8bb836', 'img20', 'http://localhost:9090/api/v1/images/posts/fbbca054-34cd-4ebe-9bfe-3b22be8bb836', 'SAVED_SUCCESSFULLY','image/jpeg'),
     (120, '745a495d-4563-41a1-8733-f089b3b7b21d', 'img21', 'http://localhost:9090/api/v1/images/posts/745a495d-4563-41a1-8733-f089b3b7b21d', 'SAVED_SUCCESSFULLY','image/jpeg'),
     (121, '3b900a66-2021-49e1-9152-c6d432d1aa52', 'img22', 'http://localhost:9090/api/v1/images/posts/3b900a66-2021-49e1-9152-c6d432d1aa52', 'SAVED_SUCCESSFULLY','image/jpeg'),
     (122, 'ddc5a29a-c607-44db-95f2-c66f1da21fde', 'img23', 'http://localhost:9090/api/v1/images/posts/ddc5a29a-c607-44db-95f2-c66f1da21fde', 'SAVED_SUCCESSFULLY','image/jpeg'),
     (123, '27897c0a-2503-4536-83ed-a65a596646fb', 'img24', 'http://localhost:9090/api/v1/images/posts/27897c0a-2503-4536-83ed-a65a596646fb', 'SAVED_SUCCESSFULLY','image/jpeg'),
     (124, 'aa74ec25-6e70-4776-899c-7465c61de5bd', 'vid01', 'http://localhost:9090/api/v1/videos/posts/aa74ec25-6e70-4776-899c-7465c61de5bd', 'SAVED_SUCCESSFULLY','video/mp4'),
     (125, '6cce68f8-76ef-4639-9828-9e5e6e819fc4', 'img26', 'http://localhost:9090/api/v1/images/posts/6cce68f8-76ef-4639-9828-9e5e6e819fc4', 'SAVED_SUCCESSFULLY','image/jpeg'),
     (126, 'c401fbaa-7f94-41ad-a7ef-f677d2d30f3d', 'img27', 'http://localhost:9090/api/v1/images/posts/c401fbaa-7f94-41ad-a7ef-f677d2d30f3d', 'SAVED_SUCCESSFULLY','image/jpeg'),
     (127, '526e6a41-f1cd-42e1-ab6c-e32ccbfdddb6', 'img28', 'http://localhost:9090/api/v1/videos/posts/526e6a41-f1cd-42e1-ab6c-e32ccbfdddb6', 'SAVED_SUCCESSFULLY','video/mp4');

insert into video_file (id, uuid, name, url_resource, status, type)
    values (100, '200504be-c220-4932-9810-126fe8590a9c', 'video01', 'http://localhost:9090/api/v1/videos/posts/200504be-c220-4932-9810-126fe8590a9c', 'SAVED_SUCCESSFULLY', 'video/mp4');

INSERT INTO comment (id, uuid, user_id, post_id, content, moderated, state, created_date, last_modified_date)
VALUES (10,'d3b07384-d9a0-4c4a-8d9d-0c9a9f8b9c9c', 113, 101, 'Buenosimoooo..felicidades, una consulta... ya esta a la venta el helafoool', false, 'VISIBLE', NOW(), NOW()),
       (11,'m4c9b0x2-d9a0-4c4a-8d9d-0c9a9f8b9c9c', 118, 101, 'Muy Bien...', false, 'VISIBLE', NOW(), NOW()),
       (12,'z9n3d8j1-d9a0-4c4a-8d9d-0c9a9f8b9c9c', 120, 101, 'Muchas felicidades Daniela Laura una investigaci\00F3n que aporta al desarrollo de nuestro pa\00EDs, sigue por nuevos desaf\00EDos.. bendiciones.!!\+01F4AF', false, 'VISIBLE', NOW(), NOW()),
       (13,'f8k1b6s9-d9a0-4c4a-8d9d-0c9a9f8b9c9c', 119, 102, 'Podrian grabar la entrevista por favor?', false, 'VISIBLE', NOW(), NOW()),
       (14,'v9s7h5k2-d9a0-4c4a-8d9d-0c9a9f8b9c9c', 117, 103, 'Por que plataformas van a transmitir?', false, 'VISIBLE', NOW(), NOW()),
       (15,'l4m6v9a0-d9a0-4c4a-8d9d-0c9a9f8b9c9c', 110, 104, 'Buena entrevista!', false, 'VISIBLE', NOW(), NOW()),
       (16,'m5d8f8b1-d9a0-4c4a-8d9d-0c9a9f8b9c9c', 116, 105, 'Graben la entrevista por favor.', false, 'VISIBLE', NOW(), NOW()),
       (17,'d9m2f2i5-d9a0-4c4a-8d9d-0c9a9f8b9c9c', 113, 106, 'Muy Bueno', true, 'PENDING_APPROVAL', NOW(), NOW()),
       (18,'i4v8m1a9-d9a0-4c4a-8d9d-0c9a9f8b9c9c', 114, 106, 'Excelente charla!', true, 'PENDING_APPROVAL', NOW(), NOW()),
       (19,'n5d9b5a8-d9a0-4c4a-8d9d-0c9a9f8b9c9c', 117, 107, 'Hasta que fecha se puede postular?', false, 'VISIBLE', NOW(), NOW());

insert into comment_reaction (id, uuid, user_id, comment_id, emoji_type_id, reaction_date)
    values(100, '07063785-4327-49ff-86b7-2bf1e9596290', '9bae1fe0-2c56-4091-883d-15458e051500', 'd3b07384-d9a0-4c4a-8d9d-0c9a9f8b9c9c', '7v236a78-c73f-475c-80a6-f5a858648af1', '2024-12-03T15:23:22'),
    (101, 'bce50d37-3ada-45ac-a556-a17cc33464d9', '9bae1fe0-2c56-4091-883d-15458e051500', 'z9n3d8j1-d9a0-4c4a-8d9d-0c9a9f8b9c9c', '7v236a78-c73f-475c-80a6-f5a858648af1', '2024-12-03T16:20:22'),
    (102, 'l5m6v9n2-3ada-45ac-a556-a17cc33464d9', '9f32985a-f108-4b19-9bda-cab7c501ae68', 'm5d8f8b1-d9a0-4c4a-8d9d-0c9a9f8b9c9c', '3f696a78-c73f-475c-80a6-f5a858648af1', '2024-12-05T12:05:22'),
    (103, 'k4b8c4m6-3ada-45ac-a556-a17cc33464d9', 'e54bd4dc-d8f6-42e9-8e94-5d56bf42416f', 'm5d8f8b1-d9a0-4c4a-8d9d-0c9a9f8b9c9c', '3f696a78-c73f-475c-80a6-f5a858648af1', '2024-12-06T17:02:22'),
    (104, 'a9n4d8n1-3ada-45ac-a556-a17cc33464d9', '9bae1fe0-2c56-4091-883d-15458e051500', 'f8k1b6s9-d9a0-4c4a-8d9d-0c9a9f8b9c9c', '7v236a78-c73f-475c-80a6-f5a858648af1', '2024-12-06T18:20:22'),
    (105, 'v8n4m2d0-3ada-45ac-a556-a17cc33464d9', 'f8d1c969-af76-4161-b0d7-9c2dfc47e75c', 'd9m2f2i5-d9a0-4c4a-8d9d-0c9a9f8b9c9c', '7v236a78-c73f-475c-80a6-f5a858648af1', '2024-12-06T15:04:22'),
    (106, 'k5d9g5j1-3ada-45ac-a556-a17cc33464d9', 'd33ded75-c9f3-4fef-9762-0ba4a905efa8', 'i4v8m1a9-d9a0-4c4a-8d9d-0c9a9f8b9c9c', '7v236a78-c73f-475c-80a6-f5a858648af1', '2024-12-06T17:04:22');


INSERT INTO replies (reply_id, uuid, user_id, comment_id, content, created_at)
VALUES (20,'f8d2a52b-c1dc-4919-8610-76057df842c0', 113,13, 'X2, alguien que grabe porfavor', NOW()),
       (30,'b0315608-e21b-4096-8cb9-3cf3b518892b', 114,14, 'Van a transmitir en vivo por facebook', NOW()),
       (40,'k5s9n2s6-c1dc-4919-8610-76057df842c0', 116,19, 'X2', NOW()),
       (41,'l2m6b9x3-e21b-4096-8cb9-3cf3b518892b', 118,18, 'Si me encanto igual', NOW()),
       (42,'v83k5n2s-c1dc-4919-8610-76057df842c0', 115,16, 'Yo voy a grabar, inbox para pasarte el link', NOW()),
       (43,'a9l2n6m3-e21b-4096-8cb9-3cf3b518892b', 117,19, 'Si X3', NOW()),
       (44,'d9j5n3c9-c1dc-4919-8610-76057df842c0', 112,14, 'Solo face dijeron xd', NOW());

INSERT INTO reply_reactions (id, uuid, user_id, reply_id, emoji_type_id, reaction_date)
VALUES (10,'819d23be-25c9-49c8-9e8a-d5070bbf57ef', 119,20,100, NOW()),
       (11,'ce87a375-8fe4-4c98-a86d-2d02e0d6d6d7', 117,30,101, NOW()),
       (12,'l4m9sd83-8fe4-4c98-a86d-2d02e0d6d6d7', 115,40,104, NOW()),
       (13,'v9m3a8c0-8fe4-4c98-a86d-2d02e0d6d6d7', 120,41,100, NOW()),
       (14,'f3n5d9k2-8fe4-4c98-a86d-2d02e0d6d6d7', 118,41,100, NOW()),
       (15,'h5j23k69-8fe4-4c98-a86d-2d02e0d6d6d7', 113,43,100, NOW()),
       (16,'z5m2c5v6-8fe4-4c98-a86d-2d02e0d6d6d7', 117,44,105, NOW()),
       (17,'k3n6b7m2-8fe4-4c98-a86d-2d02e0d6d6d7', 118,41,104, NOW()),
       (18,'a9j9g5k1-8fe4-4c98-a86d-2d02e0d6d6d7', 113,43,100, NOW()),
       (19,'m3b7n3x2-8fe4-4c98-a86d-2d02e0d6d6d7', 112,44,105, NOW()),
       (20,'e4y9i1p2-8fe4-4c98-a86d-2d02e0d6d6d7', 118,41,100, NOW()),
       (21,'w9u3n6r4-8fe4-4c98-a86d-2d02e0d6d6d7', 114,43,101, NOW()),
       (22,'q9k2n4m7-8fe4-4c98-a86d-2d02e0d6d6d7', 115,44,105, NOW());

INSERT INTO followers (id, user_id, institution_id, followed_since)
values(1, 110, 10, NOW()),
(2, 112, 10, NOW()),
(3, 111, 10, NOW()),
(4, 113, 10, NOW()),
(5, 114, 10, NOW()),
(6, 115, 10, NOW()),
(7, 116, 10, NOW()),
(8, 117, 10, NOW()),
(9, 118, 10, NOW()),
(10, 119, 10, NOW()),
(11, 120, 10, NOW());

-- Actualizar la secuencia para la tabla followers
SELECT setval('followers_id_seq', (SELECT MAX(id) FROM followers));


